{
  "config": {
    "name": "bonuses_only",
    "description": "Only positive bonuses (no penalties)",
    "paddle_hit_bonus": 0.1,
    "center_position_bonus": 0.05,
    "side_angle_bonus": 0.15,
    "block_bonus_multiplier": 1.5,
    "ball_loss_penalty": 0.0,
    "survival_bonus": 0.001
  },
  "episodes": 100,
  "metrics": {
    "avg_reward": 2.4977999999999962,
    "std_reward": 1.868723548307778,
    "max_reward": 9.592000000000017,
    "min_reward": 0.11900000000000009,
    "median_reward": 1.802499999999993,
    "final_avg": 2.0480999999999945,
    "initial_avg": 2.205799999999997,
    "improvement": -0.1577000000000024,
    "avg_episode_length": 190.43,
    "total_paddle_hits": 0,
    "total_blocks_broken": 7418,
    "total_side_bounces": 0,
    "total_balls_lost": 25250
  },
  "duration": 336.47190737724304,
  "timestamp": "2025-10-16T11:02:53.688212",
  "rewards": [
    1.7899999999999945,
    3.268999999999985,
    0.1440000000000001,
    4.871000000000028,
    3.3189999999999857,
    3.2189999999999883,
    1.814999999999992,
    1.7429999999999943,
    1.693999999999998,
    0.1940000000000001,
    0.1440000000000001,
    4.943000000000016,
    0.1690000000000001,
    3.2359999999999833,
    1.7679999999999891,
    4.805999999999989,
    1.6899999999999862,
    0.1940000000000001,
    3.2939999999999934,
    3.3199999999999883,
    1.7219999999999926,
    0.1690000000000001,
    3.3939999999999912,
    1.7469999999999979,
    1.7399999999999916,
    0.1940000000000001,
    1.77599999999999,
    6.397000000000037,
    1.67199999999999,
    3.218999999999982,
    1.7459999999999978,
    3.3159999999999803,
    6.426000000000039,
    1.671999999999995,
    3.2699999999999854,
    0.21900000000000008,
    9.592000000000017,
    3.2949999999999933,
    1.7469999999999928,
    1.7469999999999952,
    0.1690000000000001,
    3.2769999999999864,
    4.844000000000027,
    3.2259999999999867,
    0.1690000000000001,
    0.1940000000000001,
    1.7399999999999862,
    0.1440000000000001,
    0.1690000000000001,
    3.2219999999999853,
    3.292999999999986,
    0.1700000000000001,
    0.11900000000000009,
    4.872999999999994,
    4.866999999999996,
    3.2259999999999893,
    1.7649999999999915,
    3.2939999999999894,
    4.913000000000007,
    1.815999999999994,
    1.6899999999999966,
    3.1769999999999867,
    3.2689999999999855,
    1.67199999999999,
    3.295999999999991,
    3.277999999999987,
    0.1940000000000001,
    3.320999999999988,
    1.739999999999989,
    6.363000000000022,
    4.800999999999989,
    3.3189999999999937,
    1.7219999999999926,
    1.7219999999999924,
    1.8149999999999942,
    1.7419999999999967,
    6.502000000000032,
    4.891999999999999,
    3.2539999999999836,
    3.2769999999999837,
    1.7719999999999978,
    6.381000000000024,
    0.1940000000000001,
    1.6969999999999874,
    3.301999999999984,
    0.1440000000000001,
    0.21900000000000008,
    3.3429999999999853,
    3.287999999999981,
    1.7409999999999968,
    3.291999999999983,
    3.3419999999999908,
    0.11900000000000009,
    0.1690000000000001,
    0.1690000000000001,
    4.839999999999994,
    0.1690000000000001,
    1.7469999999999928,
    1.7229999999999928,
    4.910999999999989
  ],
  "epsilon_history": [
    0.995,
    0.990025,
    0.985074875,
    0.9801495006250001,
    0.9752487531218751,
    0.9703725093562657,
    0.9655206468094844,
    0.960693043575437,
    0.9558895783575597,
    0.9511101304657719,
    0.946354579813443,
    0.9416228069143757,
    0.9369146928798039,
    0.9322301194154049,
    0.9275689688183278,
    0.9229311239742362,
    0.918316468354365,
    0.9137248860125932,
    0.9091562615825302,
    0.9046104802746175,
    0.9000874278732445,
    0.8955869907338783,
    0.8911090557802088,
    0.8866535105013078,
    0.8822202429488013,
    0.8778091417340573,
    0.8734200960253871,
    0.8690529955452602,
    0.8647077305675338,
    0.8603841919146962,
    0.8560822709551227,
    0.851801859600347,
    0.8475428503023453,
    0.8433051360508336,
    0.8390886103705794,
    0.8348931673187264,
    0.8307187014821328,
    0.8265651079747222,
    0.8224322824348486,
    0.8183201210226743,
    0.8142285204175609,
    0.810157377815473,
    0.8061065909263957,
    0.8020760579717637,
    0.798065677681905,
    0.7940753492934954,
    0.7901049725470279,
    0.7861544476842928,
    0.7822236754458713,
    0.778312557068642,
    0.7744209942832988,
    0.7705488893118823,
    0.7666961448653229,
    0.7628626641409962,
    0.7590483508202912,
    0.7552531090661897,
    0.7514768435208588,
    0.7477194593032545,
    0.7439808620067382,
    0.7402609576967045,
    0.736559652908221,
    0.7328768546436799,
    0.7292124703704616,
    0.7255664080186093,
    0.7219385759785162,
    0.7183288830986236,
    0.7147372386831305,
    0.7111635524897149,
    0.7076077347272662,
    0.7040696960536299,
    0.7005493475733617,
    0.697046600835495,
    0.6935613678313175,
    0.6900935609921609,
    0.6866430931872001,
    0.6832098777212641,
    0.6797938283326578,
    0.6763948591909945,
    0.6730128848950395,
    0.6696478204705644,
    0.6662995813682115,
    0.6629680834613705,
    0.6596532430440636,
    0.6563549768288433,
    0.653073201944699,
    0.6498078359349755,
    0.6465587967553006,
    0.6433260027715241,
    0.6401093727576664,
    0.6369088258938781,
    0.6337242817644086,
    0.6305556603555866,
    0.6274028820538087,
    0.6242658676435396,
    0.6211445383053219,
    0.6180388156137953,
    0.6149486215357263,
    0.6118738784280476,
    0.6088145090359074,
    0.6057704364907278
  ]
}