{
  "config": {
    "name": "side_angle_only",
    "description": "Only side angle bonus",
    "paddle_hit_bonus": 0.0,
    "center_position_bonus": 0.0,
    "side_angle_bonus": 0.15,
    "block_bonus_multiplier": 1.0,
    "ball_loss_penalty": 0.0,
    "survival_bonus": 0.0
  },
  "episodes": 100,
  "metrics": {
    "avg_reward": 1.14,
    "std_reward": 1.1315476127852508,
    "max_reward": 5.0,
    "min_reward": 0.0,
    "median_reward": 1.0,
    "final_avg": 1.0,
    "initial_avg": 1.0,
    "improvement": 0.0,
    "avg_episode_length": 180.57,
    "total_paddle_hits": 0,
    "total_blocks_broken": 5896,
    "total_side_bounces": 0,
    "total_balls_lost": 25250
  },
  "duration": 297.6562020778656,
  "timestamp": "2025-10-16T10:34:08.667543",
  "rewards": [
    1.0,
    2.0,
    0.0,
    3.0,
    0.0,
    1.0,
    1.0,
    0.0,
    1.0,
    1.0,
    1.0,
    2.0,
    0.0,
    3.0,
    1.0,
    3.0,
    0.0,
    0.0,
    1.0,
    0.0,
    2.0,
    1.0,
    2.0,
    2.0,
    3.0,
    3.0,
    0.0,
    0.0,
    0.0,
    2.0,
    0.0,
    2.0,
    0.0,
    2.0,
    0.0,
    1.0,
    0.0,
    1.0,
    3.0,
    2.0,
    0.0,
    0.0,
    2.0,
    0.0,
    0.0,
    1.0,
    1.0,
    3.0,
    1.0,
    1.0,
    0.0,
    3.0,
    0.0,
    1.0,
    3.0,
    1.0,
    2.0,
    0.0,
    0.0,
    3.0,
    1.0,
    4.0,
    2.0,
    0.0,
    1.0,
    0.0,
    2.0,
    1.0,
    2.0,
    2.0,
    3.0,
    1.0,
    0.0,
    1.0,
    1.0,
    1.0,
    1.0,
    1.0,
    0.0,
    5.0,
    0.0,
    2.0,
    3.0,
    0.0,
    1.0,
    0.0,
    0.0,
    0.0,
    0.0,
    0.0,
    1.0,
    1.0,
    1.0,
    1.0,
    3.0,
    2.0,
    0.0,
    0.0,
    1.0,
    0.0
  ],
  "epsilon_history": [
    0.995,
    0.990025,
    0.985074875,
    0.9801495006250001,
    0.9752487531218751,
    0.9703725093562657,
    0.9655206468094844,
    0.960693043575437,
    0.9558895783575597,
    0.9511101304657719,
    0.946354579813443,
    0.9416228069143757,
    0.9369146928798039,
    0.9322301194154049,
    0.9275689688183278,
    0.9229311239742362,
    0.918316468354365,
    0.9137248860125932,
    0.9091562615825302,
    0.9046104802746175,
    0.9000874278732445,
    0.8955869907338783,
    0.8911090557802088,
    0.8866535105013078,
    0.8822202429488013,
    0.8778091417340573,
    0.8734200960253871,
    0.8690529955452602,
    0.8647077305675338,
    0.8603841919146962,
    0.8560822709551227,
    0.851801859600347,
    0.8475428503023453,
    0.8433051360508336,
    0.8390886103705794,
    0.8348931673187264,
    0.8307187014821328,
    0.8265651079747222,
    0.8224322824348486,
    0.8183201210226743,
    0.8142285204175609,
    0.810157377815473,
    0.8061065909263957,
    0.8020760579717637,
    0.798065677681905,
    0.7940753492934954,
    0.7901049725470279,
    0.7861544476842928,
    0.7822236754458713,
    0.778312557068642,
    0.7744209942832988,
    0.7705488893118823,
    0.7666961448653229,
    0.7628626641409962,
    0.7590483508202912,
    0.7552531090661897,
    0.7514768435208588,
    0.7477194593032545,
    0.7439808620067382,
    0.7402609576967045,
    0.736559652908221,
    0.7328768546436799,
    0.7292124703704616,
    0.7255664080186093,
    0.7219385759785162,
    0.7183288830986236,
    0.7147372386831305,
    0.7111635524897149,
    0.7076077347272662,
    0.7040696960536299,
    0.7005493475733617,
    0.697046600835495,
    0.6935613678313175,
    0.6900935609921609,
    0.6866430931872001,
    0.6832098777212641,
    0.6797938283326578,
    0.6763948591909945,
    0.6730128848950395,
    0.6696478204705644,
    0.6662995813682115,
    0.6629680834613705,
    0.6596532430440636,
    0.6563549768288433,
    0.653073201944699,
    0.6498078359349755,
    0.6465587967553006,
    0.6433260027715241,
    0.6401093727576664,
    0.6369088258938781,
    0.6337242817644086,
    0.6305556603555866,
    0.6274028820538087,
    0.6242658676435396,
    0.6211445383053219,
    0.6180388156137953,
    0.6149486215357263,
    0.6118738784280476,
    0.6088145090359074,
    0.6057704364907278
  ]
}