{
  "config": {
    "name": "survival_bonus_only",
    "description": "Only survival bonus",
    "paddle_hit_bonus": 0.0,
    "center_position_bonus": 0.0,
    "side_angle_bonus": 0.0,
    "block_bonus_multiplier": 1.0,
    "ball_loss_penalty": 0.0,
    "survival_bonus": 0.001
  },
  "episodes": 100,
  "metrics": {
    "avg_original_score": 1.13,
    "std_original_score": 1.2137133104650373,
    "max_original_score": 5.0,
    "min_original_score": 0.0,
    "median_original_score": 1.0,
    "final_avg_original": 1.8,
    "initial_avg_original": 1.3,
    "score_improvement": 0.5,
    "top_10_percent_avg": 3.7,
    "best_20_avg": 3.0,
    "success_rate": 61.0,
    "double_digit_rate": 0.0,
    "avg_shaped_reward": 1.2944599999999937,
    "max_shaped_reward": 5.363000000000008,
    "coefficient_of_variation": 1.0740825756327765,
    "episodes_to_5": 26,
    "episodes_to_10": "Not reached",
    "episodes_to_15": "Not reached",
    "episodes_to_20": "Not reached",
    "avg_episode_length": 178.39,
    "max_episode_length": 369.0,
    "median_episode_length": 169.5,
    "length_improvement": 10.400000000000006,
    "avg_loss": 0.002308480010485916,
    "final_avg_loss": 0.0026906835273747694,
    "avg_lives_remaining": 0.0,
    "total_paddle_hits": 0,
    "avg_paddle_hits": 0.0,
    "total_blocks_broken": 5640,
    "avg_blocks_broken": 56.4,
    "total_side_bounces": 0,
    "avg_side_bounces": 0.0,
    "total_balls_lost": 25250,
    "avg_balls_lost": 252.5
  },
  "duration": 277.50140285491943,
  "timestamp": "2025-10-16T12:57:05.180140",
  "device": "cpu",
  "gpu_used": false,
  "checkpoints": {
    "total": 1,
    "best": "experiments/results/checkpoints/survival_bonus_only/best_checkpoint.pt",
    "final": "experiments/results/checkpoints/survival_bonus_only/checkpoint_ep00100_score1.1.pt"
  },
  "rewards": [
    2.1939999999999884,
    1.167999999999994,
    3.2419999999999827,
    0.11900000000000009,
    2.1939999999999937,
    2.212999999999981,
    2.2149999999999803,
    1.164999999999994,
    0.11900000000000009,
    0.11900000000000009,
    1.1649999999999887,
    3.2639999999999754,
    1.1659999999999913,
    1.1649999999999914,
    2.1939999999999937,
    0.11900000000000009,
    1.1469999999999978,
    2.1939999999999937,
    0.11900000000000009,
    0.11900000000000009,
    1.1659999999999886,
    0.1220000000000001,
    1.147999999999995,
    0.11900000000000009,
    0.11900000000000009,
    5.363000000000008,
    0.11900000000000009,
    1.1469999999999925,
    0.11900000000000009,
    2.174999999999992,
    3.2219999999999827,
    1.1469999999999871,
    2.1929999999999827,
    0.11900000000000009,
    0.11700000000000009,
    2.196999999999983,
    1.1659999999999886,
    1.1469999999999925,
    1.1649999999999967,
    0.11900000000000009,
    1.1649999999999914,
    2.1939999999999857,
    1.1669999999999858,
    0.11900000000000009,
    0.11900000000000009,
    1.164999999999994,
    2.192999999999988,
    1.1469999999999978,
    2.1939999999999857,
    2.216999999999983,
    3.227999999999981,
    1.1649999999999887,
    4.290999999999989,
    0.11900000000000009,
    1.1469999999999978,
    0.11900000000000009,
    1.1469999999999898,
    0.11900000000000009,
    0.11900000000000009,
    1.1469999999999951,
    3.261999999999981,
    1.1679999999999913,
    0.11900000000000009,
    0.11900000000000009,
    0.11900000000000009,
    2.2149999999999856,
    1.166999999999986,
    1.1499999999999924,
    1.155999999999989,
    1.1649999999999914,
    0.11900000000000009,
    0.11900000000000009,
    0.11900000000000009,
    0.11900000000000009,
    0.11400000000000009,
    0.11900000000000009,
    1.1469999999999898,
    2.2129999999999885,
    4.274000000000004,
    0.11900000000000009,
    0.11900000000000009,
    5.325000000000007,
    0.11900000000000009,
    0.11900000000000009,
    0.11900000000000009,
    0.11900000000000009,
    1.1649999999999887,
    2.2159999999999913,
    0.11900000000000009,
    2.1969999999999827,
    2.1959999999999926,
    3.2259999999999813,
    0.11900000000000009,
    0.11900000000000009,
    1.1469999999999925,
    3.24199999999998,
    3.241999999999978,
    2.1939999999999884,
    4.252999999999989,
    0.11900000000000009
  ],
  "epsilon_history": [
    0.995,
    0.990025,
    0.985074875,
    0.9801495006250001,
    0.9752487531218751,
    0.9703725093562657,
    0.9655206468094844,
    0.960693043575437,
    0.9558895783575597,
    0.9511101304657719,
    0.946354579813443,
    0.9416228069143757,
    0.9369146928798039,
    0.9322301194154049,
    0.9275689688183278,
    0.9229311239742362,
    0.918316468354365,
    0.9137248860125932,
    0.9091562615825302,
    0.9046104802746175,
    0.9000874278732445,
    0.8955869907338783,
    0.8911090557802088,
    0.8866535105013078,
    0.8822202429488013,
    0.8778091417340573,
    0.8734200960253871,
    0.8690529955452602,
    0.8647077305675338,
    0.8603841919146962,
    0.8560822709551227,
    0.851801859600347,
    0.8475428503023453,
    0.8433051360508336,
    0.8390886103705794,
    0.8348931673187264,
    0.8307187014821328,
    0.8265651079747222,
    0.8224322824348486,
    0.8183201210226743,
    0.8142285204175609,
    0.810157377815473,
    0.8061065909263957,
    0.8020760579717637,
    0.798065677681905,
    0.7940753492934954,
    0.7901049725470279,
    0.7861544476842928,
    0.7822236754458713,
    0.778312557068642,
    0.7744209942832988,
    0.7705488893118823,
    0.7666961448653229,
    0.7628626641409962,
    0.7590483508202912,
    0.7552531090661897,
    0.7514768435208588,
    0.7477194593032545,
    0.7439808620067382,
    0.7402609576967045,
    0.736559652908221,
    0.7328768546436799,
    0.7292124703704616,
    0.7255664080186093,
    0.7219385759785162,
    0.7183288830986236,
    0.7147372386831305,
    0.7111635524897149,
    0.7076077347272662,
    0.7040696960536299,
    0.7005493475733617,
    0.697046600835495,
    0.6935613678313175,
    0.6900935609921609,
    0.6866430931872001,
    0.6832098777212641,
    0.6797938283326578,
    0.6763948591909945,
    0.6730128848950395,
    0.6696478204705644,
    0.6662995813682115,
    0.6629680834613705,
    0.6596532430440636,
    0.6563549768288433,
    0.653073201944699,
    0.6498078359349755,
    0.6465587967553006,
    0.6433260027715241,
    0.6401093727576664,
    0.6369088258938781,
    0.6337242817644086,
    0.6305556603555866,
    0.6274028820538087,
    0.6242658676435396,
    0.6211445383053219,
    0.6180388156137953,
    0.6149486215357263,
    0.6118738784280476,
    0.6088145090359074,
    0.6057704364907278
  ]
}